{"stats":{"minecraft:killed":{"minecraft:cave_spider":6,"minecraft:spider":6,"aquaculture:smallmouth_bass":1,"minecraft:skeleton":11,"cnb:little_grebe":2,"minecraft:chicken":5,"alexsmobs:centipede_head":1,"minecraft:drowned":3,"minecraft:pig":6,"minecraft:zombie_villager":2,"minecraft:wandering_trader":1,"minecraft:creeper":1,"minecraft:sheep":9,"iceandfire:ghost":1,"minecraft:zombie":20,"alexsmobs:crow":1,"minecraft:cow":6,"chococraft:chocobo":2},"minecraft:crafted":{"minecraft:oak_planks":268,"chococraft:chocobo_drumstick_cooked":2,"minecraft:cooked_chicken":5,"minecraft:furnace":2,"minecraft:bone_meal":30,"minecraft:cooked_mutton":15,"aquaculture:fish_fillet_raw":2,"minecraft:bow":1,"minecraft:iron_boots":1,"minecraft:iron_axe":1,"minecraft:stone_pickaxe":1,"minecraft:chest":7,"simpleores:mythril_sword":1,"aquaculture:fish_fillet_cooked":2,"minecraft:oak_button":6,"minecraft:stone_hoe":1,"minecraft:oak_fence":21,"minecraft:cooked_beef":17,"iceandfire:copper_ingot":22,"minecraft:cooked_porkchop":4,"simpleores:mythril_pickaxe":1,"minecraft:crafting_table":4,"minecraft:spruce_planks":72,"simpleores:mythril_shovel":1,"minecraft:wooden_pickaxe":1,"minecraft:iron_helmet":1,"minecraft:iron_sword":1,"minecraft:bucket":1,"minecraft:stone_axe":1,"minecraft:bread":11,"minecraft:air":0,"aquaculture:iron_fillet_knife":1,"minecraft:iron_chestplate":1,"minecraft:wooden_hoe":1,"minecraft:charcoal":16,"minecraft:shield":2,"minecraft:stick":68,"minecraft:iron_ingot":85,"minecraft:iron_pickaxe":1,"simpleores:mythril_ingot":6,"minecraft:stone_sword":1,"minecraft:iron_leggings":1,"minecraft:white_bed":6,"minecraft:torch":100,"simpleores:copper_pickaxe":1,"minecraft:shears":1},"minecraft:dropped":{"minecraft:iron_ingot":3,"minecraft:bread":2,"minecraft:iron_sword":1,"minecraft:wheat_seeds":2,"minecraft:cooked_beef":4,"minecraft:glow_ink_sac":2,"biomesoplenty:hanging_cobweb":2,"biomesoplenty:lavender":96,"minecraft:feather":9,"minecraft:cobblestone":18,"minecraft:lead":1,"minecraft:stick":1,"minecraft:dirt":2,"minecraft:gray_wool":1,"biomesoplenty:goldenrod":6,"minecraft:spruce_sapling":3,"croptopia:glowing_calamari":1,"minecraft:redstone":49,"minecraft:furnace":1,"minecraft:rotten_flesh":19,"minecraft:oak_planks":2,"minecraft:cooked_mutton":2,"simpleores:raw_tin":4,"minecraft:peony":2,"minecraft:spider_eye":5,"minecraft:wooden_pickaxe":1},"minecraft:used":{"minecraft:oak_fence":16,"minecraft:stone_sword":124,"minecraft:chest":7,"minecraft:shield":95,"minecraft:iron_sword":302,"minecraft:cooked_chicken":4,"aquaculture:iron_fillet_knife":4,"minecraft:rotten_flesh":5,"minecraft:stone_hoe":47,"minecraft:iron_chestplate":1,"minecraft:torch":72,"chococraft:chocobo_drumstick_cooked":2,"minecraft:dirt":31,"minecraft:mutton":1,"minecraft:lava_bucket":9,"minecraft:iron_axe":9,"minecraft:iron_helmet":2,"minecraft:bow":9,"minecraft:furnace":5,"minecraft:skeleton_skull":1,"minecraft:cooked_beef":9,"minecraft:cobbled_deepslate":3,"minecraft:iron_leggings":2,"minecraft:cooked_mutton":13,"minecraft:wheat_seeds":145,"minecraft:water_bucket":59,"minecraft:stone_pickaxe":137,"minecraft:baked_potato":9,"minecraft:oak_planks":40,"minecraft:wooden_pickaxe":19,"minecraft:crafting_table":6,"minecraft:white_bed":8,"minecraft:shears":6,"minecraft:spruce_log":21,"simpleores:copper_pickaxe":88,"minecraft:wooden_hoe":111,"minecraft:apple":7,"minecraft:iron_pickaxe":197,"minecraft:bread":9,"simpleores:mythril_sword":1,"minecraft:spruce_sapling":1,"minecraft:stone_axe":134,"minecraft:cobblestone":89,"minecraft:cooked_porkchop":4,"minecraft:bucket":69,"minecraft:bone_meal":30},"minecraft:killed_by":{"minecraft:creeper":1,"minecraft:spider":1,"alexsmobs:bison":1,"minecraft:skeleton":2,"minecraft:zombie":5,"iceandfire:ghost":3},"minecraft:mined":{"minecraft:white_bed":2,"iceandfire:graveyard_soil":1,"minecraft:dark_oak_log":9,"biomesoplenty:bush":91,"minecraft:grass_block":20,"biomesoplenty:flowering_oak_leaves":1,"simpleores:deepslate_adamantium_ore":3,"minecraft:redstone_ore":3,"minecraft:furnace":3,"iceandfire:copper_ore":24,"minecraft:iron_ore":50,"biomesoplenty:lavender":9,"minecraft:stripped_spruce_log":1,"minecraft:deepslate_lapis_ore":11,"minecraft:peony":2,"biomesoplenty:hanging_cobweb":6,"minecraft:deepslate_iron_ore":28,"biomesoplenty:webbing":12,"biomesoplenty:barley":147,"simpleores:tin_ore":2,"minecraft:stone":75,"biomesoplenty:spider_egg":1,"minecraft:deepslate_redstone_ore":11,"biomesoplenty:hanging_cobweb_strand":2,"minecraft:crafting_table":3,"minecraft:copper_ore":3,"minecraft:tall_grass":4,"minecraft:cobblestone":10,"biomesoplenty:sprout":1,"minecraft:lapis_ore":8,"minecraft:deepslate_gold_ore":38,"minecraft:oak_planks":4,"biomesoplenty:goldenrod":4,"minecraft:skeleton_skull":2,"minecraft:wheat":37,"simpleores:deepslate_tin_ore":1,"minecraft:spruce_log":38,"minecraft:grass":129,"minecraft:oak_log":85,"minecraft:coal_ore":111,"minecraft:gravel":3,"minecraft:dirt":15,"biomesoplenty:stringy_cobweb":4,"minecraft:cobweb":16,"minecraft:gold_ore":5,"minecraft:oak_leaves":11,"minecraft:deepslate":46},"minecraft:custom":{"minecraft:mob_kills":84,"minecraft:interact_with_crafting_table":67,"minecraft:leave_game":13,"minecraft:time_since_death":0,"minecraft:sprint_one_cm":664382,"minecraft:walk_one_cm":910419,"minecraft:damage_blocked_by_shield":4370,"minecraft:drop":48,"minecraft:talked_to_villager":1,"minecraft:play_time":226556,"minecraft:sneak_time":1795,"minecraft:deaths":13,"minecraft:walk_under_water_one_cm":33742,"minecraft:jump":3076,"minecraft:walk_on_water_one_cm":84178,"minecraft:total_world_time":226556,"minecraft:interact_with_furnace":111,"minecraft:sleep_in_bed":13,"minecraft:time_since_rest":754,"minecraft:damage_taken":6509,"minecraft:trigger_trapped_chest":1,"minecraft:damage_dealt":12463,"minecraft:swim_one_cm":36303,"minecraft:fly_one_cm":281798,"minecraft:open_chest":35,"minecraft:crouch_one_cm":2854,"minecraft:fall_one_cm":55083},"minecraft:picked_up":{"minecraft:charcoal":8,"minecraft:crafting_table":2,"minecraft:wheat":34,"minecraft:chicken":5,"iceandfire:copper_ore":22,"minecraft:lead":2,"minecraft:string":24,"minecraft:raw_copper":26,"minecraft:iron_leggings":2,"iceandfire:graveyard_soil":4,"minecraft:cobbled_deepslate":65,"simpleores:raw_adamantium":3,"minecraft:beef":18,"simpleores:raw_tin":6,"biomesoplenty:hanging_cobweb":2,"minecraft:furnace":4,"minecraft:egg":3,"minecraft:stick":3,"minecraft:raw_iron":87,"minecraft:torch":13,"minecraft:porkchop":11,"minecraft:redstone":49,"simpleores:tin_helmet":1,"minecraft:stone_sword":1,"minecraft:arrow":12,"minecraft:rotten_flesh":28,"minecraft:peony":4,"chococraft:chocobo_drumstick_cooked":2,"vanillahammers:iron_hammer":1,"chococraft:chocobo_drumstick_raw":2,"minecraft:mutton":16,"minecraft:skeleton_skull":2,"minecraft:white_wool":18,"minecraft:cobblestone":185,"biomesoplenty:lavender":90,"minecraft:leather_chestplate":1,"minecraft:feather":22,"minecraft:glow_ink_sac":2,"biomesoplenty:goldenrod":7,"minecraft:leather":2,"croptopia:glowing_calamari":2,"alexsmobs:bison_fur":1,"minecraft:oak_log":96,"minecraft:lapis_lazuli":114,"minecraft:wooden_hoe":2,"minecraft:dirt":67,"chococraft:chocobo_feather":4,"minecraft:bone":11,"simpleores:raw_mythril":6,"minecraft:apple":7,"minecraft:wheat_seeds":166,"minecraft:raw_gold":43,"minecraft:iron_ingot":4,"minecraft:stone_pickaxe":1,"minecraft:cobweb":6,"minecraft:iron_sword":1,"minecraft:oak_planks":20,"aquaculture:smallmouth_bass":1,"minecraft:cooked_porkchop":4,"minecraft:stripped_spruce_log":1,"minecraft:spruce_sapling":4,"minecraft:white_bed":2,"minecraft:spruce_log":38,"minecraft:dark_oak_log":9,"minecraft:spider_eye":6,"alexsmobs:animal_dictionary":1,"simpleores:tin_leggings":1,"minecraft:stone_axe":1,"minecraft:iron_helmet":1,"minecraft:gray_wool":2,"minecraft:bread":2,"minecraft:baked_potato":9,"minecraft:oak_sapling":2,"minecraft:coal":111},"minecraft:broken":{"minecraft:stone_pickaxe":1,"minecraft:shield":1,"minecraft:stone_axe":1,"minecraft:wooden_hoe":1}},"DataVersion":2975}