{"stats":{"minecraft:crafted":{"securitycraft:mine":9,"minecraft:oak_planks":112,"simpleores:tin_shovel":1,"minecraft:oak_sign":3,"minecraft:stone":13,"securitycraft:keypad_item":1,"minecraft:heavy_weighted_pressure_plate":1,"minecraft:cooked_mutton":1,"securitycraft:laser_block":1,"minecraft:glass":10,"minecraft:iron_boots":1,"minecraft:chest":3,"securitycraft:briefcase":1,"simpleores:tin_axe":2,"simpleores:tin_ingot":51,"biomesoplenty:jacaranda_planks":8,"minecraft:crafting_table":8,"minecraft:spruce_planks":40,"securitycraft:reinforced_stone_button":7,"minecraft:wooden_pickaxe":1,"minecraft:baked_potato":29,"simpleores:adamantium_ingot":11,"biomesoplenty:fir_planks":4,"minecraft:iron_chestplate":1,"minecraft:diamond_pickaxe":1,"minecraft:stick":76,"minecraft:iron_ingot":120,"minecraft:iron_block":10,"vanillahammers:iron_hammer":5,"minecraft:shears":1,"securitycraft:universal_block_reinforcer_lvl1":1,"simpleores:tin_pickaxe":1,"minecraft:oak_door":3,"minecraft:furnace":9,"minecraft:stone_button":1,"minecraft:glass_pane":16,"securitycraft:universal_block_remover":1,"minecraft:stone_pickaxe":1,"minecraft:redstone_block":1,"minecraft:cooked_beef":8,"simpleores:tin_sword":1,"minecraft:diamond_sword":1,"iceandfire:silver_ingot":6,"minecraft:iron_sword":1,"simpleores:tin_leggings":1,"minecraft:bucket":1,"minecraft:bread":14,"simpleores:tin_helmet":1,"minecraft:air":0,"vanillahammers:wooden_hammer":3,"securitycraft:dirt_mine":9,"minecraft:oak_boat":3,"iceandfire:armor_silver_metal_helmet":1,"simpleores:mythril_ingot":5,"minecraft:iron_leggings":1,"chococraft:chocobo_saddle":1,"minecraft:white_bed":2,"minecraft:acacia_planks":16,"minecraft:torch":100},"minecraft:dropped":{"minecraft:iron_sword":2,"minecraft:porkchop":5,"simpleores:tin_pickaxe":1,"minecraft:baked_potato":18,"minecraft:dark_oak_slab":3,"minecraft:leather":2,"minecraft:saddle":3,"minecraft:rail":1,"minecraft:dirt":17,"minecraft:stone_button":1,"minecraft:snowball":1,"minecraft:black_concrete":3,"minecraft:dark_oak_planks":1,"minecraft:bone":7,"securitycraft:dirt_mine":4,"minecraft:cobbled_deepslate":128,"minecraft:oak_planks":7,"minecraft:carrot":3,"simpleores:tin_leggings":1,"simpleores:tin_helmet":1,"minecraft:skeleton_skull":1,"minecraft:iron_ingot":3,"minecraft:bread":2,"minecraft:wheat_seeds":62,"biomesoplenty:lavender":72,"minecraft:iron_helmet":2,"minecraft:cobblestone":2775,"minecraft:apple":7,"chococraft:gysahl_green_seeds":10,"vanillahammers:iron_hammer":2,"minecraft:spruce_stairs":4,"minecraft:coal":1,"minecraft:coal_block":1,"minecraft:stick":3,"biomesoplenty:goldenrod":2,"minecraft:iron_leggings":5,"simpleores:tin_sword":1,"minecraft:string":4,"minecraft:tripwire_hook":2,"simpleores:raw_mythril":6,"minecraft:acacia_planks":2,"minecraft:stone_brick_slab":1,"minecraft:player_head":2,"minecraft:raw_copper":30,"minecraft:tuff":64,"simpleores:tin_shovel":1,"minecraft:raw_iron":47,"simpleores:tin_axe":1,"minecraft:oak_sign":1,"minecraft:flint_and_steel":2,"simpleores:raw_tin":4,"minecraft:spruce_planks":1,"minecraft:iron_chestplate":3,"iceandfire:silver_ingot":1,"vanillahammers:wooden_hammer":1,"minecraft:spider_eye":1,"minecraft:barrel":2,"minecraft:red_sand":32,"minecraft:bow":2,"minecraft:blue_orchid":1,"minecraft:wooden_pickaxe":1,"chococraft:gysahl_green":6},"minecraft:killed_by":{"minecraft:piglin_brute":1,"minecraft:creeper":2,"alexsmobs:crocodile":1,"minecraft:zombie":2,"alexsmobs:bison":1,"minecraft:skeleton":5},"minecraft:picked_up":{"chococraft:loverly_gysahl_green":2,"minecraft:iron_chestplate":2,"minecraft:wheat":42,"iceandfire:copper_ore":29,"minecraft:oak_stairs":4,"minecraft:string":11,"minecraft:raw_copper":44,"minecraft:iron_leggings":4,"minecraft:oak_sign":1,"minecraft:red_sand":32,"minecraft:cobbled_deepslate":1492,"minecraft:bucket":1,"minecraft:spruce_planks":12,"simpleores:raw_tin":167,"minecraft:iron_pickaxe":1,"minecraft:melon_slice":3,"minecraft:coal_block":1,"minecraft:furnace":3,"minecraft:iron_boots":1,"minecraft:stick":7,"simpleores:mythril_ingot":5,"minecraft:torch":61,"minecraft:spruce_stairs":4,"iceandfire:silver_ore":14,"minecraft:porkchop":27,"minecraft:rotten_flesh":25,"vanillahammers:iron_hammer":2,"minecraft:snowball":17,"minecraft:cobblestone":4131,"biomesoplenty:lavender":77,"minecraft:feather":2,"minecraft:potato":20,"biomesoplenty:fir_log":1,"minecraft:tuff":174,"minecraft:lapis_lazuli":147,"minecraft:dirt":79,"minecraft:bone":26,"securitycraft:reinforced_stone_button":1,"simpleores:raw_mythril":11,"minecraft:bow":3,"minecraft:wheat_seeds":132,"minecraft:raw_gold":19,"minecraft:oak_planks":10,"minecraft:cooked_porkchop":3,"securitycraft:dirt_mine":1,"minecraft:sand":10,"securitycraft:reinforced_stone":7,"minecraft:barrel":2,"minecraft:diamond":7,"minecraft:black_concrete":3,"minecraft:granite":26,"minecraft:bread":2,"minecraft:oak_sapling":1,"minecraft:crafting_table":3,"minecraft:red_bed":1,"minecraft:flint_and_steel":2,"minecraft:glass_pane":12,"minecraft:blue_orchid":1,"simpleores:raw_adamantium":11,"minecraft:beef":14,"minecraft:player_head":2,"minecraft:poppy":1,"minecraft:spruce_slab":1,"minecraft:sugar_cane":1,"simpleores:adamantium_ingot":11,"minecraft:egg":1,"minecraft:raw_iron":191,"minecraft:stone_button":2,"minecraft:carrot":22,"minecraft:redstone":102,"minecraft:dark_oak_planks":3,"minecraft:arrow":25,"minecraft:stone_shovel":1,"biomesoplenty:jacaranda_log":2,"minecraft:peony":2,"minecraft:saddle":1,"minecraft:mutton":12,"minecraft:white_wool":8,"minecraft:rail":1,"minecraft:tripwire_hook":3,"biomesoplenty:goldenrod":8,"minecraft:leather":2,"minecraft:acacia_wood":4,"minecraft:oak_log":35,"securitycraft:keypad_chest":1,"biomesoplenty:jacaranda_planks":1,"minecraft:gunpowder":17,"minecraft:cooked_mutton":2,"chococraft:chocobo_feather":1,"chococraft:gysahl_green":47,"minecraft:spruce_wood":4,"minecraft:iron_ingot":4,"minecraft:stone_pickaxe":2,"minecraft:cobweb":1,"minecraft:dark_oak_slab":3,"minecraft:stone_brick_slab":1,"minecraft:gravel":1,"chococraft:gysahl_green_seeds":27,"minecraft:white_bed":3,"minecraft:spruce_log":10,"minecraft:spider_eye":2,"simpleores:tin_ingot":27,"minecraft:iron_helmet":2,"minecraft:gray_wool":3,"minecraft:baked_potato":9,"minecraft:dark_oak_wood":5,"minecraft:coal":170,"minecraft:ender_pearl":1},"minecraft:broken":{"vanillahammers:wooden_hammer":2,"minecraft:iron_boots":1,"minecraft:stone_pickaxe":1,"vanillahammers:iron_hammer":2,"iceandfire:armor_silver_metal_helmet":1},"minecraft:used":{"minecraft:peony":2,"simpleores:tin_axe":64,"minecraft:spruce_slab":1,"minecraft:poppy":1,"minecraft:oak_sign":3,"minecraft:chest":3,"minecraft:iron_sword":325,"minecraft:rotten_flesh":20,"minecraft:iron_chestplate":1,"minecraft:mutton":9,"securitycraft:keypad_item":1,"minecraft:carrot":24,"minecraft:snowball":16,"minecraft:lava_bucket":1,"minecraft:iron_helmet":1,"minecraft:bow":49,"minecraft:furnace":12,"minecraft:oak_sapling":1,"minecraft:egg":1,"minecraft:potato":26,"minecraft:stone_pickaxe":143,"minecraft:oak_planks":5,"minecraft:ender_pearl":2,"minecraft:wooden_pickaxe":21,"biomesoplenty:fir_planks":4,"minecraft:glow_berries":4,"biomesoplenty:goldenrod":2,"vanillahammers:wooden_hammer":133,"securitycraft:universal_block_remover":1,"biomesoplenty:jacaranda_planks":1,"minecraft:melon_slice":3,"minecraft:bread":33,"minecraft:gravel":1,"minecraft:diamond_sword":379,"chococraft:gysahl_green":41,"securitycraft:briefcase":4,"minecraft:flint_and_steel":45,"minecraft:stone_shovel":8,"minecraft:spruce_planks":4,"minecraft:oak_door":1,"minecraft:torch":78,"minecraft:dirt":47,"iceandfire:armor_silver_metal_helmet":1,"minecraft:granite":6,"minecraft:dark_oak_planks":2,"minecraft:beef":2,"securitycraft:dirt_mine":3,"minecraft:cooked_beef":10,"minecraft:acacia_planks":14,"minecraft:cobbled_deepslate":23,"minecraft:iron_leggings":2,"minecraft:wheat_seeds":6,"minecraft:cooked_mutton":3,"minecraft:water_bucket":35,"vanillahammers:iron_hammer":808,"minecraft:baked_potato":20,"minecraft:tnt":2,"minecraft:crafting_table":11,"minecraft:red_bed":1,"minecraft:spider_eye":1,"minecraft:white_bed":5,"minecraft:oak_log":1,"minecraft:diamond_pickaxe":333,"chococraft:gysahl_green_seeds":2,"minecraft:cobblestone":317,"minecraft:porkchop":5,"minecraft:cooked_porkchop":6,"minecraft:bucket":37,"alexsmobs:animal_dictionary":1,"croptopia:crab":1},"minecraft:mined":{"minecraft:dark_oak_planks":3,"minecraft:spruce_planks":3,"minecraft:granite":26,"minecraft:grass_block":27,"biomesoplenty:flowering_oak_leaves":1,"minecraft:spawner":7,"minecraft:iron_ore":117,"biomesoplenty:lavender":12,"minecraft:deepslate_lapis_ore":7,"minecraft:dark_oak_stairs":1,"biomesoplenty:hanging_cobweb":1,"chococraft:gysahl_green":6,"minecraft:oak_stairs":4,"biomesoplenty:webbing":1,"simpleores:tin_ore":46,"minecraft:blue_orchid":1,"minecraft:player_head":1,"minecraft:spruce_slab":4,"minecraft:deepslate_redstone_ore":1,"minecraft:red_bed":1,"minecraft:powder_snow":24,"biomesoplenty:hanging_cobweb_strand":1,"minecraft:dark_oak_wood":5,"minecraft:melon":2,"minecraft:cobblestone":22,"minecraft:oak_planks":5,"minecraft:wall_torch":3,"biomesoplenty:goldenrod":7,"minecraft:dark_oak_slab":1,"minecraft:wheat":20,"simpleores:deepslate_tin_ore":10,"biomesoplenty:maple_leaves":3,"biomesoplenty:fir_log":1,"minecraft:grass":32,"minecraft:oak_log":34,"minecraft:sand":10,"minecraft:dirt":31,"minecraft:smooth_basalt":9,"minecraft:oak_leaves":2,"minecraft:deepslate":2399,"minecraft:diamond_ore":1,"minecraft:tuff":242,"iceandfire:silver_ore":10,"minecraft:deepslate_diamond_ore":6,"biomesoplenty:bush":8,"simpleores:deepslate_adamantium_ore":11,"biomesoplenty:jacaranda_log":2,"minecraft:redstone_ore":4,"minecraft:furnace":3,"minecraft:carrots":1,"iceandfire:copper_ore":21,"minecraft:acacia_wood":5,"minecraft:black_concrete":3,"minecraft:peony":8,"minecraft:deepslate_iron_ore":76,"minecraft:rail":1,"minecraft:packed_ice":50,"biomesoplenty:barley":74,"biomesoplenty:spider_egg":1,"minecraft:stone":4923,"minecraft:stone_brick_slab":4,"minecraft:crafting_table":2,"minecraft:warped_roots":2,"minecraft:tall_grass":4,"minecraft:copper_ore":18,"minecraft:lapis_ore":8,"minecraft:deepslate_gold_ore":14,"simpleores:deepslate_mythril_ore":11,"minecraft:spruce_log":10,"minecraft:coal_ore":162,"biomesoplenty:stringy_cobweb":1,"minecraft:gold_ore":6,"minecraft:fern":5},"minecraft:killed":{"minecraft:spider":5,"minecraft:skeleton":26,"minecraft:piglin_brute":11,"minecraft:pig":9,"alexsmobs:seal":1,"minecraft:creeper":4,"minecraft:sheep":11,"minecraft:zombie":38,"alexsmobs:cachalot_whale":1,"minecraft:cow":2,"alexsmobs:raccoon":1,"alexsmobs:tasmanian_devil":1,"alexsmobs:bison":2,"iceandfire:ghost":2,"minecraft:enderman":1},"minecraft:custom":{"minecraft:interact_with_crafting_table":77,"minecraft:open_barrel":28,"minecraft:leave_game":9,"minecraft:time_since_death":38936,"minecraft:sprint_one_cm":863721,"minecraft:drop":339,"minecraft:play_time":443551,"minecraft:deaths":14,"minecraft:jump":10622,"minecraft:walk_on_water_one_cm":71783,"minecraft:interact_with_furnace":172,"minecraft:sleep_in_bed":9,"minecraft:damage_dealt":21781,"minecraft:crouch_one_cm":10546,"minecraft:horse_one_cm":25229,"minecraft:mob_kills":118,"minecraft:climb_one_cm":11149,"minecraft:walk_one_cm":814185,"minecraft:sneak_time":4910,"minecraft:walk_under_water_one_cm":39019,"minecraft:total_world_time":443551,"minecraft:time_since_rest":13761,"minecraft:damage_taken":8286,"minecraft:trigger_trapped_chest":1,"minecraft:swim_one_cm":104609,"minecraft:fly_one_cm":2398896,"minecraft:open_chest":82,"minecraft:fall_one_cm":288614}},"DataVersion":2975}