{"stats":{"minecraft:crafted":{"minecraft:oak_planks":88,"minecraft:iron_nugget":64,"minecraft:cooked_chicken":2,"minecraft:furnace":5,"minecraft:cooked_mutton":7,"minecraft:iron_boots":1,"minecraft:chest":2,"minecraft:oak_fence":3,"minecraft:cooked_beef":21,"biomesoplenty:jacaranda_planks":20,"minecraft:cooked_porkchop":44,"biomesoplenty:jacaranda_boat":1,"minecraft:crafting_table":7,"minecraft:spruce_planks":8,"minecraft:iron_helmet":1,"minecraft:wooden_pickaxe":1,"minecraft:iron_sword":1,"minecraft:bread":2,"minecraft:air":0,"minecraft:iron_chestplate":1,"minecraft:shield":5,"minecraft:stick":20,"minecraft:iron_ingot":64,"minecraft:iron_pickaxe":6,"minecraft:iron_shovel":1,"minecraft:iron_leggings":1,"chococraft:chocobo_saddle":1,"minecraft:torch":64},"minecraft:dropped":{"minecraft:iron_ingot":2,"biomesoplenty:jacaranda_sapling":10,"minecraft:porkchop":2,"minecraft:wheat_seeds":91,"minecraft:cooked_porkchop":3,"minecraft:orange_tulip":1,"biomesoplenty:lavender":622,"minecraft:feather":2,"minecraft:iron_helmet":1,"minecraft:cobblestone":82,"minecraft:warped_roots":1,"minecraft:leather":4,"chococraft:gysahl_green_seeds":9,"minecraft:saddle":1,"biomesoplenty:jacaranda_planks":3,"minecraft:stick":2,"minecraft:dirt":1,"minecraft:gray_wool":1,"minecraft:wooden_hoe":1,"minecraft:torch":4,"minecraft:iron_leggings":2,"minecraft:string":12,"alexsmobs:raccoon_tail":1,"alexsmobs:animal_dictionary":1,"minecraft:cobbled_deepslate":97,"minecraft:raw_copper":2,"chococraft:chocobo_feather":3,"minecraft:beetroot":6,"minecraft:rotten_flesh":6,"iceandfire:amphithere_arrow":2,"minecraft:oak_planks":6,"minecraft:iron_boots":1,"minecraft:filled_map":2,"minecraft:shield":3,"minecraft:spruce_planks":4,"minecraft:beetroot_seeds":19,"minecraft:golden_leggings":1,"minecraft:blue_orchid":2,"minecraft:bow":1,"minecraft:arrow":9,"minecraft:red_sand":2,"minecraft:beef":1,"minecraft:calcite":15,"chococraft:gysahl_green":2},"minecraft:killed_by":{"alexsmobs:froststalker":1,"minecraft:piglin_brute":2,"minecraft:creeper":1,"minecraft:skeleton":6,"minecraft:zombie":2,"iceandfire:ghost":1,"minecraft:illusioner":1},"minecraft:picked_up":{"minecraft:iron_chestplate":1,"minecraft:crafting_table":3,"chococraft:loverly_gysahl_green":1,"minecraft:chicken":2,"minecraft:flower_pot":1,"iceandfire:copper_ore":16,"simpleores:tin_shovel":1,"minecraft:lead":4,"minecraft:oak_stairs":1,"biomesoplenty:jacaranda_sapling":10,"iceandfire:amphithere_arrow":2,"minecraft:shield":1,"minecraft:cornflower":2,"minecraft:string":13,"minecraft:raw_copper":2,"minecraft:iron_leggings":1,"minecraft:blue_orchid":6,"minecraft:beetroot":6,"simpleores:tin_axe":1,"minecraft:red_sand":16,"minecraft:cobbled_deepslate":288,"minecraft:spruce_planks":5,"simpleores:raw_adamantium":6,"minecraft:beef":12,"simpleores:raw_tin":75,"minecraft:player_head":3,"minecraft:calcite":15,"minecraft:iron_nugget":8,"alexsmobs:raccoon_tail":2,"minecraft:melon_slice":1,"minecraft:furnace":6,"minecraft:stick":20,"minecraft:raw_iron":72,"minecraft:torch":15,"minecraft:porkchop":51,"minecraft:carrot":3,"minecraft:redstone":5,"minecraft:golden_chestplate":1,"minecraft:arrow":39,"minecraft:rotten_flesh":32,"biomesoplenty:jacaranda_log":52,"minecraft:beetroot_seeds":26,"minecraft:saddle":2,"simpleores:tin_sword":1,"minecraft:skeleton_skull":1,"minecraft:cobblestone":225,"biomesoplenty:lavender":829,"minecraft:feather":3,"minecraft:cooked_beef":6,"minecraft:glow_ink_sac":2,"biomesoplenty:goldenrod":2,"minecraft:leather":10,"minecraft:golden_leggings":1,"chococraft:chocobo_saddle":1,"croptopia:glowing_calamari":2,"minecraft:potato":8,"minecraft:filled_map":1,"minecraft:oak_log":22,"iceandfire:ectoplasm":1,"biomesoplenty:jacaranda_planks":3,"minecraft:gunpowder":2,"minecraft:wooden_hoe":1,"minecraft:lapis_lazuli":21,"simpleores:tin_pickaxe":1,"minecraft:dirt":484,"chococraft:chocobo_feather":5,"minecraft:bone":36,"simpleores:raw_mythril":5,"chococraft:gysahl_green":54,"chococraft:gold_gysahl":2,"minecraft:bow":1,"minecraft:wheat_seeds":138,"minecraft:orange_tulip":2,"minecraft:raw_gold":18,"minecraft:iron_ingot":3,"minecraft:iron_sword":1,"minecraft:oak_planks":28,"minecraft:smooth_basalt":2,"minecraft:sweet_berries":6,"securitycraft:dirt_mine":3,"minecraft:gravel":6,"minecraft:amethyst_shard":6,"chococraft:gysahl_green_seeds":20,"minecraft:stripped_spruce_log":2,"minecraft:spruce_sapling":2,"minecraft:spruce_log":10,"alexsmobs:animal_dictionary":1,"minecraft:dark_prismarine":7,"minecraft:diamond":9,"minecraft:black_concrete":3,"minecraft:iron_helmet":1,"minecraft:blue_ice":2,"minecraft:gray_wool":1,"minecraft:warped_roots":2,"minecraft:coal":106},"minecraft:broken":{"minecraft:iron_shovel":1,"minecraft:iron_boots":1,"minecraft:iron_leggings":1,"simpleores:tin_pickaxe":1,"minecraft:shield":2,"minecraft:iron_sword":2,"minecraft:iron_pickaxe":5,"minecraft:iron_helmet":1,"minecraft:golden_chestplate":1},"minecraft:mined":{"minecraft:dark_oak_planks":4,"minecraft:dark_prismarine":9,"minecraft:large_amethyst_bud":3,"minecraft:white_bed":1,"minecraft:tuff":94,"minecraft:spruce_planks":1,"minecraft:deepslate_diamond_ore":9,"minecraft:glow_lichen":1,"minecraft:budding_amethyst":1,"biomesoplenty:bush":16,"minecraft:grass_block":333,"simpleores:deepslate_adamantium_ore":6,"biomesoplenty:jacaranda_log":53,"minecraft:furnace":6,"minecraft:carrots":1,"iceandfire:copper_ore":16,"minecraft:iron_ore":61,"minecraft:fire":2,"biomesoplenty:lavender":329,"minecraft:deepslate_lapis_ore":3,"biomesoplenty:hanging_cobweb":1,"chococraft:gysahl_green":23,"minecraft:potatoes":5,"minecraft:deepslate_iron_ore":8,"minecraft:small_amethyst_bud":2,"minecraft:oak_stairs":1,"biomesoplenty:webbing":6,"minecraft:packed_ice":47,"biomesoplenty:barley":1083,"minecraft:stone":165,"biomesoplenty:spider_egg":1,"simpleores:tin_ore":38,"minecraft:blue_orchid":1,"minecraft:podzol":47,"biomesoplenty:jacaranda_leaves":39,"minecraft:deepslate_redstone_ore":1,"minecraft:medium_amethyst_bud":1,"minecraft:amethyst_cluster":3,"minecraft:powder_snow":47,"biomesoplenty:hanging_cobweb_strand":1,"minecraft:crafting_table":3,"minecraft:torch":8,"minecraft:calcite":5,"minecraft:rose_bush":1,"minecraft:tall_grass":44,"minecraft:cobblestone":11,"biomesoplenty:sprout":7,"minecraft:deepslate_gold_ore":18,"minecraft:lapis_ore":1,"minecraft:oak_planks":15,"minecraft:wall_torch":7,"minecraft:amethyst_block":4,"biomesoplenty:goldenrod":7,"simpleores:deepslate_mythril_ore":5,"minecraft:sweet_berry_bush":3,"minecraft:wheat":2,"minecraft:lilac":4,"minecraft:spruce_log":10,"minecraft:grass":518,"minecraft:coal_ore":106,"minecraft:oak_log":21,"minecraft:beetroots":9,"minecraft:gravel":16,"minecraft:dirt":44,"minecraft:brown_terracotta":2,"minecraft:cobweb":1,"minecraft:smooth_basalt":2,"minecraft:terracotta":3,"minecraft:tripwire_hook":1,"minecraft:oak_leaves":19,"minecraft:deepslate":1002,"biomesoplenty:reed":1,"minecraft:fern":87},"minecraft:used":{"minecraft:oak_fence":3,"minecraft:iron_shovel":302,"simpleores:tin_axe":179,"minecraft:chest":2,"minecraft:iron_sword":750,"minecraft:shield":150,"minecraft:cooked_chicken":2,"simpleores:tin_sword":69,"iceandfire:copper_ore":2,"minecraft:rotten_flesh":8,"minecraft:player_head":2,"minecraft:iron_chestplate":2,"minecraft:torch":61,"minecraft:dirt":460,"minecraft:carrot":5,"simpleores:copper_sword":146,"minecraft:blue_orchid":1,"minecraft:oak_stairs":1,"minecraft:iron_helmet":2,"minecraft:smooth_basalt":2,"minecraft:bow":4,"minecraft:sweet_berries":7,"minecraft:furnace":11,"simpleores:tin_shovel":126,"minecraft:beetroot_seeds":7,"minecraft:cooked_beef":18,"minecraft:cobbled_deepslate":17,"minecraft:powder_snow_bucket":1,"minecraft:cooked_mutton":7,"minecraft:water_bucket":22,"minecraft:oak_planks":14,"minecraft:ender_pearl":1,"minecraft:wooden_pickaxe":95,"biomesoplenty:lavender":9,"biomesoplenty:goldenrod":1,"minecraft:crafting_table":10,"minecraft:blue_ice":2,"minecraft:spruce_log":4,"minecraft:dark_prismarine":7,"minecraft:flower_pot":1,"minecraft:apple":3,"minecraft:iron_pickaxe":1466,"minecraft:melon_slice":1,"minecraft:bread":10,"biomesoplenty:jacaranda_boat":1,"minecraft:gravel":3,"minecraft:cobblestone":68,"chococraft:gysahl_green":11,"simpleores:tin_pickaxe":220,"minecraft:cooked_porkchop":40,"minecraft:bucket":23,"alexsmobs:animal_dictionary":3},"minecraft:killed":{"minecraft:cave_spider":4,"alexsmobs:raccoon":2,"minecraft:spider":2,"alexsmobs:froststalker":1,"minecraft:skeleton":28,"minecraft:chicken":3,"minecraft:silverfish":2,"minecraft:piglin_brute":16,"minecraft:pig":22,"minecraft:zombie_villager":2,"alexsmobs:seal":1,"minecraft:trader_llama":2,"minecraft:zombie":24,"iceandfire:ghost":2,"minecraft:glow_squid":1,"minecraft:cow":7},"minecraft:custom":{"minecraft:interact_with_smithing_table":1,"minecraft:mob_kills":124,"minecraft:interact_with_crafting_table":45,"minecraft:open_barrel":55,"minecraft:leave_game":5,"minecraft:time_since_death":74473,"minecraft:climb_one_cm":10264,"minecraft:sprint_one_cm":1213212,"minecraft:walk_one_cm":1181526,"minecraft:damage_blocked_by_shield":6340,"minecraft:drop":248,"minecraft:talked_to_villager":1,"minecraft:play_time":348684,"minecraft:sneak_time":6510,"minecraft:deaths":17,"minecraft:walk_under_water_one_cm":18109,"minecraft:boat_one_cm":427703,"minecraft:jump":6265,"minecraft:walk_on_water_one_cm":49392,"minecraft:total_world_time":348684,"minecraft:interact_with_furnace":126,"minecraft:sleep_in_bed":4,"minecraft:time_since_rest":53929,"minecraft:damage_taken":10543,"minecraft:trigger_trapped_chest":1,"minecraft:damage_dealt":19160,"minecraft:swim_one_cm":61574,"minecraft:fly_one_cm":1327381,"minecraft:open_chest":75,"minecraft:crouch_one_cm":11485,"minecraft:fall_one_cm":159873}},"DataVersion":2975}