{"stats":{"minecraft:used":{"minecraft:peony":3,"minecraft:stone_sword":246,"minecraft:ladder":1,"minecraft:oak_sign":3,"minecraft:chest":3,"minecraft:spruce_planks":36,"minecraft:shield":46,"minecraft:iron_sword":168,"minecraft:wooden_shovel":3,"minecraft:rotten_flesh":4,"minecraft:player_head":3,"minecraft:torch":55,"minecraft:dirt":173,"minecraft:granite":1,"minecraft:stone_brick_slab":3,"minecraft:dark_oak_planks":8,"minecraft:spruce_wood":2,"biomesoplenty:jacaranda_sapling":3,"biomesoplenty:jacaranda_stairs":53,"minecraft:bow":3,"minecraft:sweet_berries":11,"minecraft:cooked_beef":18,"minecraft:acacia_wood":1,"minecraft:egg":3,"biomesoplenty:jacaranda_fence":5,"minecraft:potato":5,"minecraft:acacia_planks":8,"minecraft:cobblestone_stairs":5,"minecraft:baked_potato":3,"minecraft:oak_planks":6,"minecraft:stone_pickaxe":155,"minecraft:ender_pearl":1,"minecraft:wooden_pickaxe":22,"biomesoplenty:lavender":1,"minecraft:stonecutter":1,"minecraft:warped_roots":1,"minecraft:terracotta":2,"biomesoplenty:goldenrod":1,"minecraft:crafting_table":3,"vanillahammers:wooden_hammer":53,"biomesoplenty:jacaranda_planks":330,"minecraft:oak_log":1,"minecraft:dark_prismarine":4,"minecraft:cornflower":2,"minecraft:oxeye_daisy":1,"minecraft:melon_slice":28,"iceandfire:graveyard_soil":1,"minecraft:golden_leggings":1,"minecraft:stone_axe":352,"minecraft:cobblestone":200,"minecraft:grindstone":1,"minecraft:cooked_porkchop":4,"chococraft:gysahl_green":40,"minecraft:coarse_dirt":1},"minecraft:picked_up":{"minecraft:crafting_table":1,"chococraft:loverly_gysahl_green":3,"minecraft:coarse_dirt":1,"minecraft:ladder":1,"minecraft:chicken":1,"minecraft:wooden_pickaxe":1,"biomesoplenty:jacaranda_sapling":3,"minecraft:brewing_stand":2,"minecraft:shield":2,"minecraft:cornflower":2,"minecraft:string":5,"minecraft:blue_orchid":1,"minecraft:oak_sign":2,"iceandfire:graveyard_soil":1,"minecraft:spruce_planks":1,"minecraft:beef":31,"minecraft:player_head":3,"minecraft:melon_slice":75,"minecraft:egg":3,"minecraft:stick":3,"minecraft:raw_iron":47,"minecraft:oak_door":1,"minecraft:copper_ingot":1,"minecraft:torch":29,"minecraft:porkchop":4,"minecraft:stone_button":2,"minecraft:carrot":17,"minecraft:dark_oak_planks":8,"minecraft:rotten_flesh":12,"iceandfire:silver_ingot":1,"minecraft:stone_sword":1,"minecraft:arrow":14,"biomesoplenty:jacaranda_log":125,"biomesoplenty:jacaranda_stairs":24,"minecraft:peony":3,"minecraft:carved_pumpkin":5,"minecraft:cobblestone":1085,"minecraft:oxeye_daisy":2,"biomesoplenty:lavender":14,"minecraft:feather":4,"minecraft:cooked_beef":3,"biomesoplenty:goldenrod":2,"minecraft:leather":3,"minecraft:golden_leggings":1,"minecraft:acacia_wood":3,"minecraft:potato":15,"alexsmobs:bison_fur":2,"alexsmobs:cachalot_whale_tooth":1,"minecraft:oak_log":86,"iceandfire:ectoplasm":1,"biomesoplenty:jacaranda_planks":53,"minecraft:cobblestone_stairs":1,"minecraft:dirt":245,"minecraft:lantern":1,"chococraft:chocobo_feather":1,"minecraft:bone":12,"chococraft:gysahl_green":122,"chococraft:gold_gysahl":1,"minecraft:wheat_seeds":22,"vanillahammers:wooden_hammer":1,"minecraft:stone_pickaxe":2,"minecraft:grindstone":1,"minecraft:iron_ingot":1,"minecraft:oak_planks":48,"securitycraft:dirt_mine":1,"minecraft:cooked_porkchop":4,"minecraft:sweet_berries":8,"minecraft:stone_brick_slab":3,"minecraft:dandelion":1,"minecraft:jungle_planks":2,"chococraft:gysahl_green_seeds":45,"minecraft:spruce_log":1,"minecraft:spider_eye":4,"alexsmobs:animal_dictionary":1,"minecraft:dark_prismarine":4,"minecraft:stone_axe":2,"minecraft:granite":1,"minecraft:warped_roots":1,"minecraft:terracotta":2,"minecraft:oak_sapling":2,"minecraft:coal":87},"minecraft:broken":{"vanillahammers:wooden_hammer":1,"minecraft:stone_sword":1,"minecraft:stone_axe":2},"minecraft:mined":{"minecraft:dark_oak_planks":7,"minecraft:dark_prismarine":4,"minecraft:spruce_planks":1,"iceandfire:graveyard_soil":1,"minecraft:cobblestone_stairs":1,"minecraft:brewing_stand":2,"minecraft:carved_pumpkin":5,"minecraft:granite":1,"minecraft:grass_block":52,"minecraft:jungle_planks":2,"biomesoplenty:jacaranda_stairs":24,"minecraft:spawner":1,"biomesoplenty:jacaranda_log":125,"minecraft:iron_ore":13,"minecraft:fire":19,"minecraft:acacia_wood":2,"biomesoplenty:lavender":15,"minecraft:peony":3,"minecraft:oak_sign":1,"minecraft:vine":2,"biomesoplenty:webbing":2,"minecraft:lantern":1,"minecraft:packed_ice":92,"biomesoplenty:barley":68,"minecraft:blue_orchid":2,"biomesoplenty:spider_egg":1,"minecraft:stone":481,"minecraft:player_head":2,"biomesoplenty:jacaranda_leaves":10,"biomesoplenty:jacaranda_planks":54,"minecraft:powder_snow":11,"minecraft:crafting_table":1,"minecraft:cornflower":2,"minecraft:torch":12,"minecraft:melon":19,"minecraft:tall_grass":4,"minecraft:cobblestone":22,"minecraft:grindstone":1,"minecraft:oak_planks":6,"minecraft:wall_torch":11,"biomesoplenty:goldenrod":4,"minecraft:coarse_dirt":1,"minecraft:spruce_log":1,"minecraft:grass":42,"minecraft:oak_log":61,"minecraft:coal_ore":86,"minecraft:gravel":1,"minecraft:dirt":42,"biomesoplenty:stringy_cobweb":1,"minecraft:oak_leaves":3,"minecraft:fern":10},"minecraft:killed":{"minecraft:cave_spider":3,"alexsmobs:raccoon":2,"minecraft:spider":4,"minecraft:skeleton":16,"minecraft:chicken":1,"minecraft:silverfish":16,"minecraft:illusioner":1,"alexsmobs:bison":4,"minecraft:drowned":1,"alexsmobs:tusklin":1,"minecraft:pig":2,"alexsmobs:seal":1,"minecraft:zombie":19,"iceandfire:ghost":7},"minecraft:killed_by":{"minecraft:creeper":1,"alexsmobs:bison":4,"alexsmobs:cachalot_whale":2,"alexsmobs:crocodile":1,"minecraft:cave_spider":2,"minecraft:skeleton":6,"minecraft:zombie":1,"iceandfire:ghost":5},"minecraft:dropped":{"minecraft:wheat_seeds":22,"minecraft:cooked_beef":8,"chococraft:gold_gysahl":1,"minecraft:iron_helmet":1,"minecraft:feather":4,"minecraft:cobblestone":4,"minecraft:lantern":1,"chococraft:gysahl_green_seeds":21,"minecraft:stick":1,"minecraft:oxeye_daisy":1,"biomesoplenty:goldenrod":1,"minecraft:string":2,"minecraft:dandelion":1,"minecraft:bone":7,"minecraft:stone_axe":1,"securitycraft:dirt_mine":1,"chococraft:chocobo_feather":1,"minecraft:stone_shovel":1,"minecraft:raw_iron":1,"minecraft:rotten_flesh":6,"minecraft:filled_map":1,"minecraft:spruce_planks":1,"minecraft:oak_sapling":2,"minecraft:spider_eye":2,"minecraft:arrow":5,"minecraft:blue_orchid":1,"minecraft:stone_pickaxe":3},"minecraft:custom":{"minecraft:mob_kills":84,"minecraft:interact_with_crafting_table":26,"minecraft:open_barrel":16,"minecraft:leave_game":9,"minecraft:time_since_death":2213,"minecraft:climb_one_cm":3810,"minecraft:sprint_one_cm":674921,"minecraft:walk_one_cm":1005090,"minecraft:damage_blocked_by_shield":1826,"minecraft:drop":76,"minecraft:talked_to_villager":1,"minecraft:play_time":304736,"minecraft:sneak_time":16915,"minecraft:deaths":23,"minecraft:walk_under_water_one_cm":35893,"minecraft:jump":5415,"minecraft:interact_with_brewingstand":1,"minecraft:walk_on_water_one_cm":51153,"minecraft:total_world_time":304736,"minecraft:interact_with_furnace":22,"minecraft:interact_with_stonecutter":4,"minecraft:interact_with_grindstone":2,"minecraft:sleep_in_bed":5,"minecraft:time_since_rest":2266,"minecraft:damage_taken":9709,"minecraft:trigger_trapped_chest":6,"minecraft:damage_dealt":15776,"minecraft:swim_one_cm":59040,"minecraft:fly_one_cm":905048,"minecraft:open_chest":53,"minecraft:crouch_one_cm":53673,"minecraft:fall_one_cm":143029},"minecraft:crafted":{"minecraft:oak_planks":228,"minecraft:oak_sign":3,"minecraft:cobblestone_slab":12,"minecraft:stone_shovel":1,"minecraft:cobblestone_stairs":4,"minecraft:stone":10,"minecraft:stone_pickaxe":3,"minecraft:chest":3,"biomesoplenty:jacaranda_stairs":40,"minecraft:cooked_beef":31,"minecraft:wooden_shovel":2,"biomesoplenty:jacaranda_planks":500,"minecraft:cooked_porkchop":7,"minecraft:crafting_table":2,"minecraft:spruce_planks":36,"minecraft:wooden_pickaxe":1,"minecraft:stone_axe":3,"minecraft:air":0,"biomesoplenty:jacaranda_fence":12,"vanillahammers:wooden_hammer":2,"minecraft:stick":44,"minecraft:stone_sword":2,"minecraft:stonecutter":1,"minecraft:acacia_planks":8,"minecraft:torch":36}},"DataVersion":2975}